Workbook

Sheet Calculations
A1: Index | B1: 1st Degrees | C1: 1st Radians | D1: 1st Sine | E1: 3rd Degrees | F1: 3rd Radians | G1: 3rd Sine | H1: 3rd Scaled | I1: Combined | J1: Combined and Scaled | K1: Final Rounded | L1: Divisions | M1: 255
A2: 0 | B2: =A2*$M$3 -> 0 | C2: =RADIANS(B2) -> 0 | D2: =SIN(C2) -> 0 | E2: =B2*3 -> 0 | F2: =RADIANS(E2) -> 0 | G2: =SIN(F2) -> 0 | H2: =G2/6 -> 0 | I2: =H2+D2 -> 0 | J2: =I2*$M$6 -> 0 | K2: =ROUND(J2,0) -> 0 | L2: Base Angle | M2: 90
A3: 1 | B3: =A3*$M$3 -> 0.35294118 | C3: =RADIANS(B3) -> 0.0061599856 | D3: =SIN(C3) -> 0.0061599466 | E3: =B3*3 -> 1.0588235 | F3: =RADIANS(E3) -> 0.018479957 | G3: =SIN(F3) -> 0.018478905 | H3: =G3/6 -> 0.0030798175 | I3: =H3+D3 -> 0.0092397641 | J3: =I3*$M$6 -> 2.720636 | K3: =ROUND(J3,0) -> 3 | L3: Degrees Scaling | M3: =M2/M1 -> 0.35294118
A4: 2 | B4: =A4*$M$3 -> 0.70588235 | C4: =RADIANS(B4) -> 0.012319971 | D4: =SIN(C4) -> 0.01231966 | E4: =B4*3 -> 2.1176471 | F4: =RADIANS(E4) -> 0.036959914 | G4: =SIN(F4) -> 0.036951499 | H4: =G4/6 -> 0.0061585832 | I4: =H4+D4 -> 0.018478243 | J4: =I4*$M$6 -> 5.4408934 | K4: =ROUND(J4,0) -> 5 | L4: Final Scaling Target | M4: 255
A5: 3 | B5: =A5*$M$3 -> 1.0588235 | C5: =RADIANS(B5) -> 0.018479957 | D5: =SIN(C5) -> 0.018478905 | E5: =B5*3 -> 3.1764706 | F5: =RADIANS(E5) -> 0.05543987 | G5: =SIN(F5) -> 0.055411475 | H5: =G5/6 -> 0.0092352458 | I5: =H5+D5 -> 0.027714151 | J5: =I5*$M$6 -> 8.1603939 | K5: =ROUND(J5,0) -> 8 | L5: Largest Value | M5: =MAX(I:I) -> 0.8660254
A6: 4 | B6: =A6*$M$3 -> 1.4117647 | C6: =RADIANS(B6) -> 0.024639942 | D6: =SIN(C6) -> 0.024637449 | E6: =B6*3 -> 4.2352941 | F6: =RADIANS(E6) -> 0.073919827 | G6: =SIN(F6) -> 0.073852527 | H6: =G6/6 -> 0.012308755 | I6: =H6+D6 -> 0.036946204 | J6: =I6*$M$6 -> 10.878759 | K6: =ROUND(J6,0) -> 11 | L6: Final Scaling | M6: =M4/M5 -> 294.44864
A7: 5 | B7: =A7*$M$3 -> 1.7647059 | C7: =RADIANS(B7) -> 0.030799928 | D7: =SIN(C7) -> 0.030795059 | E7: =B7*3 -> 5.2941176 | F7: =RADIANS(E7) -> 0.092399784 | G7: =SIN(F7) -> 0.092268359 | H7: =G7/6 -> 0.01537806 | I7: =H7+D7 -> 0.046173118 | J7: =I7*$M$6 -> 13.595612 | K7: =ROUND(J7,0) -> 14
A8: 6 | B8: =A8*$M$3 -> 2.1176471 | C8: =RADIANS(B8) -> 0.036959914 | D8: =SIN(C8) -> 0.036951499 | E8: =B8*3 -> 6.3529412 | F8: =RADIANS(E8) -> 0.11087974 | G8: =SIN(F8) -> 0.11065268 | H8: =G8/6 -> 0.018442114 | I8: =H8+D8 -> 0.055393613 | J8: =I8*$M$6 -> 16.310574 | K8: =ROUND(J8,0) -> 16
A9: 7 | B9: =A9*$M$3 -> 2.4705882 | C9: =RADIANS(B9) -> 0.043119899 | D9: =SIN(C9) -> 0.043106538 | E9: =B9*3 -> 7.4117647 | F9: =RADIANS(E9) -> 0.1293597 | G9: =SIN(F9) -> 0.12899922 | H9: =G9/6 -> 0.021499869 | I9: =H9+D9 -> 0.064606408 | J9: =I9*$M$6 -> 19.023269 | K9: =ROUND(J9,0) -> 19
A10: 8 | B10: =A10*$M$3 -> 2.8235294 | C10: =RADIANS(B10) -> 0.049279885 | D10: =SIN(C10) -> 0.049259941 | E10: =B10*3 -> 8.4705882 | F10: =RADIANS(E10) -> 0.14783965 | G10: =SIN(F10) -> 0.1473017 | H10: =G10/6 -> 0.024550283 | I10: =H10+D10 -> 0.073810224 | J10: =I10*$M$6 -> 21.73332 | K10: =ROUND(J10,0) -> 22
A11: 9 | B11: =A11*$M$3 -> 3.1764706 | C11: =RADIANS(B11) -> 0.05543987 | D11: =SIN(C11) -> 0.055411475 | E11: =B11*3 -> 9.5294118 | F11: =RADIANS(E11) -> 0.16631961 | G11: =SIN(F11) -> 0.16555388 | H11: =G11/6 -> 0.027592313 | I11: =H11+D11 -> 0.083003788 | J11: =I11*$M$6 -> 24.440352 | K11: =ROUND(J11,0) -> 24
A12: 10 | B12: =A12*$M$3 -> 3.5294118 | C12: =RADIANS(B12) -> 0.061599856 | D12: =SIN(C12) -> 0.061560906 | E12: =B12*3 -> 10.588235 | F12: =RADIANS(E12) -> 0.18479957 | G12: =SIN(F12) -> 0.18374952 | H12: =G12/6 -> 0.03062492 | I12: =H12+D12 -> 0.092185826 | J12: =I12*$M$6 -> 27.143991 | K12: =ROUND(J12,0) -> 27
A13: 11 | B13: =A13*$M$3 -> 3.8823529 | C13: =RADIANS(B13) -> 0.067759842 | D13: =SIN(C13) -> 0.067708001 | E13: =B13*3 -> 11.647059 | F13: =RADIANS(E13) -> 0.20327952 | G13: =SIN(F13) -> 0.20188241 | H13: =G13/6 -> 0.033647068 | I13: =H13+D13 -> 0.10135507 | J13: =I13*$M$6 -> 29.843862 | K13: =ROUND(J13,0) -> 30
A14: 12 | B14: =A14*$M$3 -> 4.2352941 | C14: =RADIANS(B14) -> 0.073919827 | D14: =SIN(C14) -> 0.073852527 | E14: =B14*3 -> 12.705882 | F14: =RADIANS(E14) -> 0.22175948 | G14: =SIN(F14) -> 0.21994636 | H14: =G14/6 -> 0.036657726 | I14: =H14+D14 -> 0.11051025 | J14: =I14*$M$6 -> 32.539594 | K14: =ROUND(J14,0) -> 33
A15: 13 | B15: =A15*$M$3 -> 4.5882353 | C15: =RADIANS(B15) -> 0.080079813 | D15: =SIN(C15) -> 0.079994251 | E15: =B15*3 -> 13.764706 | F15: =RADIANS(E15) -> 0.24023944 | G15: =SIN(F15) -> 0.23793519 | H15: =G15/6 -> 0.039655866 | I15: =H15+D15 -> 0.11965012 | J15: =I15*$M$6 -> 35.230814 | K15: =ROUND(J15,0) -> 35
A16: 14 | B16: =A16*$M$3 -> 4.9411765 | C16: =RADIANS(B16) -> 0.086239798 | D16: =SIN(C16) -> 0.08613294 | E16: =B16*3 -> 14.823529 | F16: =RADIANS(E16) -> 0.2587194 | G16: =SIN(F16) -> 0.25584278 | H16: =G16/6 -> 0.042640463 | I16: =H16+D16 -> 0.1287734 | J16: =I16*$M$6 -> 37.917153 | K16: =ROUND(J16,0) -> 38
A17: 15 | B17: =A17*$M$3 -> 5.2941176 | C17: =RADIANS(B17) -> 0.092399784 | D17: =SIN(C17) -> 0.092268359 | E17: =B17*3 -> 15.882353 | F17: =RADIANS(E17) -> 0.27719935 | G17: =SIN(F17) -> 0.27366299 | H17: =G17/6 -> 0.045610498 | I17: =H17+D17 -> 0.13787886 | J17: =I17*$M$6 -> 40.598242 | K17: =ROUND(J17,0) -> 41
A18: 16 | B18: =A18*$M$3 -> 5.6470588 | C18: =RADIANS(B18) -> 0.09855977 | D18: =SIN(C18) -> 0.098400278 | E18: =B18*3 -> 16.941176 | F18: =RADIANS(E18) -> 0.29567931 | G18: =SIN(F18) -> 0.29138975 | H18: =G18/6 -> 0.048564958 | I18: =H18+D18 -> 0.14696524 | J18: =I18*$M$6 -> 43.273713 | K18: =ROUND(J18,0) -> 43
... A257: 255 | B257: =A257*$M$3 -> 90 | C257: =RADIANS(B257) -> 1.5707963 | D257: =SIN(C257) -> 1 | E257: =B257*3 -> 270 | F257: =RADIANS(E257) -> 4.712389 | G257: =SIN(F257) -> -1 | H257: =G257/6 -> -0.16666667 | I257: =H257+D257 -> 0.83333333 | J257: =I257*$M$6 -> 245.37386 | K257: =ROUND(J257,0) -> 245

Sheet Values
A1: =Calculations!K2 -> 0
A2: =Calculations!K3 -> 3
A3: =Calculations!K4 -> 5
A4: =Calculations!K5 -> 8
A5: =Calculations!K6 -> 11
A6: =Calculations!K7 -> 14
A7: =Calculations!K8 -> 16
A8: =Calculations!K9 -> 19
A9: =Calculations!K10 -> 22
A10: =Calculations!K11 -> 24
A11: =Calculations!K12 -> 27
A12: =Calculations!K13 -> 30
... A256: =Calculations!K257 -> 245
